{
  "metadata": {
    "timestamp": "2025-05-30T05:04:27.683575",
    "python_version": "3.9.13 (tags/v3.9.13:6de2ca5, May 17 2022, 16:36:42) [MSC v.1929 64 bit (AMD64)]",
    "average_recovery_error": 0.3551396898841506,
    "operations_per_vector": 10
  },
  "results": {
    "vector_size": [
      64,
      128,
      256,
      512,
      1024,
      2048,
      4096,
      8192,
      16384,
      32768,
      65536,
      131072
    ],
    "traditional_time": [
      0.0,
      0.0,
      0.0,
      0.0,
      0.0,
      5.3806304931640625,
      0.6691614786783854,
      0.5960464477539062,
      1.3430118560791016,
      4.00543212890625,
      10.904153188069662,
      18.062909444173176
    ],
    "traditional_memory": [
      1365.3333333333333,
      0.0,
      0.0,
      45056.0,
      77824.0,
      81920.0,
      92842.66666666667,
      182954.66666666666,
      -322218.6666666667,
      307200.0,
      275797.3333333333,
      1052672.0
    ],
    "virtual_memory_time": [
      0.0,
      0.0,
      0.6689230600992838,
      0.0,
      0.0,
      0.728607177734375,
      0.0,
      0.6693998972574869,
      0.0,
      0.0,
      1.4637311299641926,
      4.615545272827148
    ],
    "virtual_memory_memory": [
      0.0,
      0.0,
      0.0,
      0.0,
      0.0,
      0.0,
      0.0,
      0.0,
      391850.6666666667,
      435541.3333333333,
      1216512.0,
      1052672.0
    ],
    "rust_time": [
      0.0,
      0.0,
      0.0,
      0.0,
      0.0,
      0.0,
      0.0,
      0.0,
      0.0,
      0.6695588429768881,
      0.6560484568277994,
      5.010048548380534
    ],
    "rust_memory": [
      12288.0,
      0.0,
      0.0,
      0.0,
      0.0,
      0.0,
      0.0,
      0.0,
      174762.66666666666,
      87381.33333333333,
      524288.0,
      4096.0
    ]
  }
}