{
  "metadata": {
    "timestamp": "2025-05-30T05:02:29.582856",
    "python_version": "3.9.13 (tags/v3.9.13:6de2ca5, May 17 2022, 16:36:42) [MSC v.1929 64 bit (AMD64)]",
    "average_recovery_error": 0.332376395470862,
    "operations_per_vector": 10
  },
  "results": {
    "vector_size": [
      64,
      128,
      256,
      512,
      1024,
      2048,
      4096,
      8192
    ],
    "traditional_time": [
      0.0,
      0.0,
      0.5022684733072916,
      0.0,
      5.977233250935872,
      0.3345012664794922,
      1.1187394460042317,
      0.0
    ],
    "traditional_memory": [
      6826.666666666667,
      13653.333333333334,
      0.0,
      43690.666666666664,
      77824.0,
      80554.66666666667,
      166570.66666666666,
      191146.66666666666
    ],
    "virtual_memory_time": [
      0.0,
      0.6687641143798828,
      0.0,
      0.0,
      1.3381640116373699,
      0.0,
      0.0,
      0.0
    ],
    "virtual_memory_memory": [
      0.0,
      0.0,
      0.0,
      0.0,
      0.0,
      0.0,
      0.0,
      0.0
    ],
    "rust_time": [
      0.0,
      0.0,
      0.0,
      0.0,
      0.0,
      0.0,
      0.0,
      0.0
    ],
    "rust_memory": [
      12288.0,
      0.0,
      0.0,
      0.0,
      0.0,
      0.0,
      0.0,
      0.0
    ]
  }
}