vector_count,rust_time,traditional_time,numpy_time,numba_time,jax_time,torch_time
10,0.0,0.0,0.6721019744873047,1051.8664518992107,0.0,3.760814666748047
50,0.0,3.3706029256184897,0.0,0.3323554992675781,0.6801287333170573,4.026730855305989
100,0.0,2.6810169219970703,0.33346811930338544,0.0,0.0,6.842295328776042
500,0.6744861602783203,31.435251235961914,1.6674995422363281,2.5985240936279297,2.0128091176350913,29.608964920043945
1000,2.2477308909098306,43.933868408203125,4.818280537923177,0.0,4.890282948811849,63.6132558186849
5000,14.348506927490234,114.71772193908691,14.526049296061197,10.806083679199219,13.35302988688151,143.34630966186523
10000,12.172937393188477,189.5441214243571,26.035149892171223,22.652546564737957,30.08580207824707,191.54930114746094
