vector_count,rust_time,traditional_time,numpy_time,numba_time,jax_time,torch_time
10,0.0,0.18397967020670572,0.0,1476.279576619466,0.0,37.10166613260905
50,0.0,2.307335535685221,0.0,0.18946329752604166,0.0,5.017598470052083
100,0.0,2.5969346364339194,0.0,0.33791859944661456,0.0,10.912338892618815
500,1.0027885437011719,30.06458282470703,2.780357996622721,2.5064945220947266,1.8750826517740886,43.77436637878418
1000,2.6796658833821616,38.690805435180664,0.0,4.758914311726888,12.039502461751303,62.59377797444662
5000,7.525126139322917,132.0777734120687,8.809328079223633,17.48545964558919,17.38142967224121,172.71010080973306
10000,9.377797444661459,223.87202580769858,13.138373692830404,20.68336804707845,32.8222910563151,195.28484344482422
