vector_size,traditional_time_ms,traditional_memory_bytes,virtual_memory_time_ms,virtual_memory_bytes,rust_time_ms,rust_memory_bytes,memory_reduction_vs_traditional,rust_memory_reduction_vs_traditional
64,0.0,6826.666666666667,0.0,0.0,0.0,12288.0,inf,0.5555555555555556
128,0.0,13653.333333333334,0.6687641143798828,0.0,0.0,0.0,inf,inf
256,0.5022684733072916,0.0,0.0,0.0,0.0,0.0,inf,inf
512,0.0,43690.666666666664,0.0,0.0,0.0,0.0,inf,inf
1024,5.977233250935872,77824.0,1.3381640116373699,0.0,0.0,0.0,inf,inf
2048,0.3345012664794922,80554.66666666667,0.0,0.0,0.0,0.0,inf,inf
4096,1.1187394460042317,166570.66666666666,0.0,0.0,0.0,0.0,inf,inf
8192,0.0,191146.66666666666,0.0,0.0,0.0,0.0,inf,inf
