Statistic,Value
Minimum Strength,1.1555792621308925
Maximum Strength,10.0
Mean Strength,8.976594683826852
Standard Deviation,1.2815334023176592

Strength Range,Count
1.1556 - 2.0400,145
2.0400 - 2.9245,124
2.9245 - 3.8089,245
3.8089 - 4.6933,294
4.6933 - 5.5778,316
5.5778 - 6.4622,398
6.4622 - 7.3467,743
7.3467 - 8.2311,1615
8.2311 - 9.1156,5982
9.1156 - 10.0000,20058
